Property Id,Property Name,Parent Property Id,Parent Property Name,Year Ending,Year,Address 1,Address 2,City,Postal Code,Primary Property Type - Self Selected,Primary Property Type - EPA Calculated,National Median Reference Property Type,Property Floor Area (Building(s)) (ft2),Year Built,Number of Buildings,Occupancy,Custom Property ID 1 - ID,Philadelphia Building ID,Electricity Use - Grid Purchase and Generated from Onsite Renewable Systems (kWh),Electricity Use - Grid Purchase and Generated from Onsite Renewable Systems (kBtu),Natural Gas Use (therms),Natural Gas Use (kBtu),Fuel Oil #2 Use (kBtu),District Steam Use (kBtu),Other Use (kBtu),Energy Alerts,Property Use Detail Alerts,Energy Current Date,ENERGY STAR Score,National Median Site Energy Use (kBtu),National Median Source Energy Use (kBtu),National Median Site EUI (kBtu/ft2),National Median Source EUI (kBtu/ft2),Percent Better than National Median Site EUI,Percent Better than National Median Source EUI,Site Energy Use (kBtu),Source Energy Use (kBtu),Site EUI (kBtu/ft2),Source EUI (kBtu/ft2),Weather Normalized Site Energy Use (kBtu),Weather Normalized Source Energy Use (kBtu),Weather Normalized Site EUI (kBtu/ft2),Weather Normalized Source EUI (kBtu/ft2),Weather Normalized Site Electricity (kWh),Weather Normalized Site Natural Gas Use (therms),National Median ENERGY STAR Score,Total GHG Emissions (MtCO2e),Custom Property ID 1 - Name,Direct GHG Emissions (MtCO2e),Indirect GHG Emissions (MtCO2e),Total GHG Emissions Intensity (kgCO2e/ft2),Location,Water Use (All Water Sources) (kgal)
4399197,One Parkway Building,NA: Standalone Property,NA: Standalone Property,12/31/2011,2011,1515 Arch St,NA,Philadelphia,19102,Office,Office,CBECS - Office & Bank/Financial,502000,1962,1,100,40,772059100,13870350,47325634.2,221770.448,22177044.8,NA,NA,NA,Most recent bill is either more than 120 days old or prior to your Next Eligible Date.,One or more of the values for use details are outside the typical range for properties of your type.; Most recent bill is either more than 120 days old or prior to your Next Eligible Date.,12/31/2013,43,64607400,159736400,128.7,318.2,7.6,7.6,69502681.4,171888396,138.5,342.4,70883264.3,172699718,141.2,344,13780840.9,238630.3,50,7170.2,Main Asset ID,1177,5993.2,14.3,"1515 Arch St
Philadelphia, PENNSYLVANIA 19102
(39.95465578900007, -75.16507339099996)",NA
4319458,City Hall,3618415,"City Hall, MSB and CJC",12/31/2011,2011,Broad and Market Street,NA,Philadelphia,19102,Office,Other,CBECS - Other,1202000,1868,0,100,287,782273400,8339192,28453323.1,392346.512,39234651.2,NA,NA,NA,Most recent bill is either more than 120 days old or prior to your Next Eligible Date.,Most recent bill is either more than 120 days old or prior to your Next Eligible Date.,12/31/2013,94,139552200,269248000,116.1,224,-51.5,-51.5,67687974.2,130539817.8,56.3,108.6,70798022.5,133397338.1,58.9,111,8281972.4,425399.3,50,5685.5,Main Asset ID,2082.3,3603.2,4.7,"Broad and Market Street
Philadelphia, PENNSYLVANIA 19102
(39.95101964400004, -75.16565913299996)",NA
4319461,Criminal Justice Center,3618415,"City Hall, MSB and CJC",12/31/2011,2011,13th and Filbert Street,NA,Philadelphia,19107,Courthouse,Courthouse,CBECS - Public Order and Safety,600000,1994,1,100,93,781092450,15421540,52618294.5,166515.429,16651542.9,NA,5051814.3,NA,Most recent bill is either more than 120 days old or prior to your Next Eligible Date.,Most recent bill is either more than 120 days old or prior to your Next Eligible Date.,12/31/2013,28,58920000,149640000,98.2,249.4,26.2,26.1,74321650,188783099.6,123.9,314.6,76362889.5,191033643,127.3,318.4,15421537.6,179920.4,50,7994.4,Main Asset ID,883.7,7110.7,13.3,"13th and Filbert Street
Philadelphia, PENNSYLVANIA 19107
(39.95314441100004, -75.16120989399997)",NA
4319459,Municipal Services Building,3618415,"City Hall, MSB and CJC",12/31/2011,2011,1401 J.F.K. Boulevard,NA,Philadelphia,19102,Office,Office,CBECS - Office & Bank/Financial,491000,1968,1,100,165,782003200,8715175,29736177.1,131481.195,13148119.5,NA,NA,NA,Most recent bill is either more than 120 days old or prior to your Next Eligible Date.,Most recent bill is either more than 120 days old or prior to your Next Eligible Date.,12/31/2013,74,57545200,143863000,117.2,293,-25.5,-25.5,42884296.5,107177121.2,87.3,218.3,44256264.3,108617687.4,90.1,221.2,8715173.9,145200.9,50,4463.5,Main Asset ID,697.8,3765.7,9.1,"1401 J.F.K. Boulevard
Philadelphia, PENNSYLVANIA 19102
(39.95101964400004, -75.16565913299996)",NA
4397413,Central Library,NA: Standalone Property,NA: Standalone Property,12/31/2011,2011,1901 Vine Street,NA,Philadelphia,19103,Library,Library,CBECS - Library,200680,1922,1,100,321,782598210,5908530,20159904.4,3248.48,324848,NA,6202830,NA,Most recent bill is either more than 120 days old or prior to your Next Eligible Date.,Most recent bill is either more than 120 days old or prior to your Next Eligible Date.; More than 50% of the gross floor area is not a single property use type that is eligible for a 1-100 score.,12/31/2013,NA,17740112,47280208,88.4,235.6,50.5,50.4,26687582.4,71105449.5,133,354.3,26956749.1,70600330.8,134.3,351.8,5783101.9,3248.5,50,3119.4,Main Asset ID,17.2,3102.2,15.5,"1901 Vine Street
Philadelphia, PENNSYLVANIA 19103
(39.95913822500006, -75.17039726099995)",NA
4392785,NE Reg Library/ Health Center #10,NA: Standalone Property,NA: Standalone Property,12/31/2011,2011,2230 Cottman Street,NA,Philadelphia,19149,Library,Library,CBECS - Library,58009,1962,2,100,281,786082700; 786082800,1398000,4769976,44275.961,4427596.1,NA,NA,NA,Most recent bill is either more than 120 days old or prior to your Next Eligible Date.,Most recent bill is either more than 120 days old or prior to your Next Eligible Date.; More than 50% of the gross floor area is not a single property use type that is eligible for a 1-100 score.,12/31/2013,NA,6404193.6,13666920.4,110.4,235.6,43.7,43.6,9197572.2,19626700.9,158.6,338.3,9301567.8,19351435.4,160.3,333.6,1344086.5,47155.4,50,839.1,Main Asset ID,235,604.1,14.5,"2230 Cottman Street
Philadelphia, PENNSYLVANIA 19149
(40.04848665700007, -75.06129637199996)",NA
4313193,Health Administration Building,NA: Standalone Property,NA: Standalone Property,12/31/2011,2011,500 South Broad Street,NA,Philadelphia,19146,Office,Office,CBECS - Office & Bank/Financial,77688,1959,1,100,895,782026200,2514603,8579825.4,28002.722,2800272.2,NA,NA,NA,Most recent bill is either more than 120 days old or prior to your Next Eligible Date.,Most recent bill is either more than 120 days old or prior to your Next Eligible Date.,12/31/2013,16,7605655.2,19973584.8,97.9,257.1,49.6,49.6,11380097.5,29880937.2,146.5,384.6,11492493.5,29629590.4,147.9,381.4,2462806.5,30894,50,1235.1,Main Asset ID,148.6,1086.5,15.9,"500 South Broad Street
Philadelphia, PENNSYLVANIA 19146
(39.94451807400003, -75.16538483499994)",NA
3267057,Health Center #5,NA: Standalone Property,NA: Standalone Property,12/31/2011,2011,1900 N. 20th Street,NA,Philadelphia,19121,Medical Office,Medical Office,CBECS - Medical Office,36260,1960,1,100,785,784552700,731941,2497382.7,20755.322,2075532.2,NA,NA,NA,Most recent bill is either more than 120 days old or prior to your Next Eligible Date.,Most recent bill is either more than 120 days old or prior to your Next Eligible Date.,12/31/2013,40,4140892,9075878,114.2,250.3,10.4,10.4,4572914.9,10021090.5,126.1,276.4,4705991.3,10063019.4,129.8,277.5,718226.1,22554,50,426.5,Main Asset ID,110.2,316.3,11.8,"1900 N. 20th Street
Philadelphia, PENNSYLVANIA 19121
(39.98308840300007, -75.16675489799997)",NA
4393301,Medical Exam Building,NA: Standalone Property,NA: Standalone Property,12/31/2011,2011,321 University Ave,NA,Philadelphia,19104,Laboratory,Other,CBECS - Other,85000,1970,1,100,133,783532000,2982929,10177753.7,11451.92,1145192,NA,NA,NA,Most recent bill is either more than 120 days old or prior to your Next Eligible Date.,Most recent bill is either more than 120 days old or prior to your Next Eligible Date.; More than 50% of the gross floor area is not a single property use type that is eligible for a 1-100 score.,12/31/2013,NA,3570000,10463500,42,123.1,217.1,216.9,11322946.1,33160599.7,133.2,390.1,11197662.3,32598898.6,131.7,383.5,2922607.9,12257.2,50,1349.7,Main Asset ID,60.8,1288.9,15.9,"321 University Ave
Philadelphia, PENNSYLVANIA 19104
(39.947365028000036, -75.19853971799995)",NA
4398533,Art Museum and Perelman Bldg,NA: Standalone Property,NA: Standalone Property,12/31/2011,2011,2600 Ben Franklin Parkway,NA,Philadelphia,19130,Museum,Other - Entertainment/Public Assembly,CEBCS - Public Assembly,804000,1929,2,100,1933,782513700; 782513701,17324500,59111194,8604.36,860436,NA,82215264.4,NA,Most recent bill is either more than 120 days old or prior to your Next Eligible Date.,Most recent bill is either more than 120 days old or prior to your Next Eligible Date.; More than 50% of the gross floor area is not a single property use type that is eligible for a 1-100 score.,12/31/2013,NA,34089600,68420400,42.4,85.1,317,317.2,142186886.2,285420923.1,176.8,355,143545299.5,287055150.1,178.5,357,17324495.5,8604.4,50,14810.6,Main Asset ID,45.7,14764.9,18.4,"2600 Ben Franklin Parkway
Philadelphia, PENNSYLVANIA 19130
(39.966826774000026, -75.17123812099999)",NA
4398536,Curran Fromhold Correctional Facility,NA: Standalone Property,NA: Standalone Property,12/31/2011,2011,7901 State Road,NA,Philadelphia,22031,Prison/Incarceration,Prison/Incarceration,CBECS - Public Order and Safety,436250,1995,1,100,395,786504751,14993930,51159289.2,700232.469,70023246.9,0,NA,NA,Most recent bill is either more than 120 days old or prior to your Next Eligible Date.,Most recent bill is either more than 120 days old or prior to your Next Eligible Date.; More than 50% of the gross floor area is not a single property use type that is eligible for a 1-100 score.,12/31/2013,NA,38346375,74118875,87.9,169.9,216,216,121182535.9,234164576.7,277.8,536.8,121302043.5,231920917.2,278.1,531.6,14661700.4,712763.2,50,10800.9,Main Asset ID,3716.3,7084.6,24.8,"7901 State Road
Philadelphia, PENNSYLVANIA 22031
(40.03056726800003, -75.02298658599994)",NA
4440131,Detention Center,NA: Standalone Property,NA: Standalone Property,12/31/2011,2011,8201 State Road,NA,Philadelphia,19136,Prison/Incarceration,Prison/Incarceration,CBECS - Public Order and Safety,108960,1963,0,100,394,786504751,2846244,9711384.5,298664.84,29866484,2590732.2,NA,NA,Most recent bill is either more than 120 days old or prior to your Next Eligible Date.,Most recent bill is either more than 120 days old or prior to your Next Eligible Date.; More than 50% of the gross floor area is not a single property use type that is eligible for a 1-100 score.,12/31/2013,NA,12105456,18512304,111.1,169.9,248.3,248.3,42168600.9,64470195.5,387,591.7,44400439.8,66801880.5,407.5,613.1,2846243.7,318046.8,50,3007.1,Main Asset ID,1777.3,1229.8,27.6,"8201 State Road
Philadelphia, PENNSYLVANIA 19136
(40.03321496600006, -75.01816700599994)",NA
4398538,House of Correction Complex,NA: Standalone Property,NA: Standalone Property,12/31/2011,2011,8003 State Road,NA,Philadelphia,19136,Prison/Incarceration,Other,CBECS - Other,830754,1927,5,100,397,786504751/881449900,6879149,23471656.4,911907.955,91190795.5,NA,NA,NA,Most recent bill is either more than 120 days old or prior to your Next Eligible Date.,One or more of the values for use details are outside the typical range for properties of your type.; Most recent bill is either more than 120 days old or prior to your Next Eligible Date.; More than 50% of the gross floor area is not a single property use type that is eligible for a 1-100 score.,12/31/2013,NA,69201808.2,102265817.4,83.3,123.1,65.7,65.7,114662453.1,169451340.1,138,204,120870018.3,175969283.5,145.5,211.8,6879148.5,973983.6,50,7812.1,Main Asset ID,4839.7,2972.4,9.4,"8003 State Road
Philadelphia, PENNSYLVANIA 19136
(40.03132339600006, -75.02162096699993)",NA
4393308,Philadelphia Industrial Correction Center,NA: Standalone Property,NA: Standalone Property,12/31/2011,2011,8203 State Road,NA,Philadelphia,19136,Prison/Incarceration,Prison/Incarceration,CBECS - Public Order and Safety,200000,1979,1,100,393,786504751,4297814,14664141.4,294624.775,29462477.5,NA,NA,NA,Most recent bill is either more than 120 days old or prior to your Next Eligible Date.,Most recent bill is either more than 120 days old or prior to your Next Eligible Date.; More than 50% of the gross floor area is not a single property use type that is eligible for a 1-100 score.,12/31/2013,NA,19480000,33980000,97.4,169.9,126.5,126.5,44126618.6,76981004.4,220.6,384.9,45395709.3,78313549.6,227,391.6,4297813.4,307315.7,50,3420.6,Main Asset ID,1563.6,1857,17.1,"8203 State Road
Philadelphia, PENNSYLVANIA 19136
(40.034545810000054, -75.01577636099995)",NA
4397414,Riverside Correctional Facility,NA: Standalone Property,NA: Standalone Property,12/31/2011,2011,8001 State Road,NA,Philadelphia,19136,Prison/Incarceration,Prison/Incarceration,CBECS - Public Order and Safety,220000,2004,1,100,398,786504751,4189223,14293628.9,175171.213,17517121.3,NA,NA,NA,Most recent bill is either more than 120 days old or prior to your Next Eligible Date.,Most recent bill is either more than 120 days old or prior to your Next Eligible Date.; More than 50% of the gross floor area is not a single property use type that is eligible for a 1-100 score.,12/31/2013,NA,18788000,37378000,85.4,169.9,69.3,69.3,31810750.4,63274972.9,144.6,287.6,32774550.5,64286962.9,149,292.2,4189222.6,184809.2,50,2739.8,Main Asset ID,929.7,1810.1,12.5,"8001 State Road
Philadelphia, PENNSYLVANIA 19136
(40.03125575000007, -75.02174207399997)",NA
4398535,Holmesburg Complex,NA: Standalone Property,NA: Standalone Property,12/31/2011,2011,8215 Torresdale Avenue,NA,Philadelphia,19136,Prison/Incarceration,Other - Public Services,CBECS - Other,716651,1896,3,20,64,786537201,936702,3196027.2,65236.879,6523687.9,129784.9,NA,NA,Most recent bill is either more than 120 days old or prior to your Next Eligible Date.,Most recent bill is either more than 120 days old or prior to your Next Eligible Date.; More than 50% of the gross floor area is not a single property use type that is eligible for a 1-100 score.,12/31/2013,NA,51097216.3,88219738.1,71.3,123.1,-80.8,-80.7,9849500,17016480.5,13.7,23.7,10353489.5,17545286.5,14.4,24.5,936701.9,70181.1,50,760.6,Main Asset ID,355.9,404.7,1.1,"8215 Torresdale Avenue
Philadelphia, PENNSYLVANIA 19136
(40.03688798300004, -75.02199537999996)",NA
4397412,Family Courts,NA: Standalone Property,NA: Standalone Property,12/31/2011,2011,1801 Vine Street,NA,Philadelphia,19103,Courthouse,Courthouse,CBECS - Public Order and Safety,250000,1939,1,100,309,782598000,2077421,7088160.5,59572.598,5957259.8,NA,11093453.8,NA,Most recent bill is either more than 120 days old or prior to your Next Eligible Date.,Most recent bill is either more than 120 days old or prior to your Next Eligible Date.,12/31/2013,78,34675000,60125000,138.7,240.5,-30.4,-30.4,24138873.9,41857827,96.6,167.4,24584590,42475689.3,98.3,169.9,2077420.7,54237.6,50,2196,Main Asset ID,316.2,1879.8,8.8,"1801 Vine Street
Philadelphia, PENNSYLVANIA 19103
(39.95895080400004, -75.16886637299996)",NA
4393305,Police Administration Building,NA: Standalone Property,NA: Standalone Property,12/31/2011,2011,750 Race Street,NA,Philadelphia,19106,Office,Office,CBECS - Office & Bank/Financial,126000,1956,1,100,156,781379300,4993398,17037474,0,0,NA,6401033.9,NA,Most recent bill is either more than 120 days old or prior to your Next Eligible Date.,Most recent bill is either more than 120 days old or prior to your Next Eligible Date.,12/31/2013,5,12537000,32734800,99.5,259.8,86.9,87,23438508.2,61198376.1,186,485.7,23591806.1,60960096,187.2,483.8,4929437.8,0,50,2724.3,Main Asset ID,0,2724.3,21.6,"750 Race Street
Philadelphia, PENNSYLVANIA 19106
(39.954903330000036, -75.15199808499995)",NA
4392784,Fleet Shop 134,NA: Standalone Property,NA: Standalone Property,12/31/2011,2011,Front and Hunting Park,NA,Philadelphia,19125,"Repair Services (Vehicle, Shoe, Locksmith, etc.)",Other - Services,CBECS - Service,59962,1968,1,100,904,884460965,1199514,4092741.8,68598.441,6859844.1,NA,NA,NA,Most recent bill is either more than 120 days old or prior to your Next Eligible Date.,Most recent bill is either more than 120 days old or prior to your Next Eligible Date.; More than 50% of the gross floor area is not a single property use type that is eligible for a 1-100 score.,12/31/2013,NA,3285917.6,6020184.8,54.8,100.4,233.4,233.1,10952586.1,20054046.2,182.7,334.4,11602076.5,20736011.1,193.5,345.8,1199513.9,75093.3,50,882.4,Main Asset ID,364.1,518.3,14.7,"Front and Hunting Park
Philadelphia, PENNSYLVANIA 19125
(39.977976058000024, -75.12637593899996)",NA
4397411,Philadelphia Nursing Home,NA: Standalone Property,NA: Standalone Property,12/31/2011,2011,2300 Poplar St.,NA,Philadelphia,19130,Senior Care Community,Senior Care Community,CBECS - Nursing,347543,1950,4,100,853,881444600,4671650,15939669.8,224720.824,22472082.4,NA,NA,NA,Most recent bill is either more than 120 days old or prior to your Next Eligible Date.,One or more of the values for use details are outside the typical range for properties of your type.; Most recent bill is either more than 120 days old or prior to your Next Eligible Date.; Use details include one or more temporary value.,12/31/2013,1,19010602.1,36457260.7,54.7,104.9,102,102,38411752.4,73646250.5,110.5,211.9,39840201.8,74572615.5,114.6,214.6,4591225.9,241749.4,50,3211.2,Main Asset ID,1192.6,2018.6,9.2,"2300 Poplar St.
Philadelphia, PENNSYLVANIA 19130
(39.97201781900003, -75.17447905499995)",NA
4432188,Fire Administration Building,NA: Standalone Property,NA: Standalone Property,12/31/2011,2011,276 Spring Garden Street,NA,Philadelphia,19123,Office,Office,CBECS - Office & Bank/Financial,50601,1975,1,100,274,781398000,1619001,5524031.4,NA,NA,1421195.8,NA,NA,Most recent bill is either more than 120 days old or prior to your Next Eligible Date.,One or more of the values for use details are outside the typical range for properties of your type.; Most recent bill is either more than 120 days old or prior to your Next Eligible Date.,12/31/2013,15,4574330.4,12366884.4,90.4,244.4,51.9,51.9,6945227.6,18780867.6,137.3,371.2,6795841.6,18311795.7,134.3,361.9,1575218.4,NA,50,805,Main Asset ID,105.5,699.5,15.9,"276 Spring Garden Street
Philadelphia, PENNSYLVANIA 19123
(39.960807561000024, -75.14312705999998)",NA
3618415,"City Hall, MSB and CJC",3618415,"City Hall, MSB and CJC",12/31/2011,2011,Market Street and Broad Street,NA,Philadelphia,19102,Office,Courthouse,CBECS - Public Order and Safety,2293000,1868,3,90,NA,NA,32475910,110807804.9,690343.136,69034313.6,NA,5051814.3,NA,Most recent bill is either more than 120 days old or prior to your Next Eligible Date.,Most recent bill is either more than 120 days old or prior to your Next Eligible Date.,12/31/2013,NA,246726800,569351900,107.6,248.3,-25.1,-25.1,184893920.6,426500038.7,80.6,186,190134613.5,428672523.7,82.9,186.9,31993859.9,752190,50,18143.5,NA,3663.8,14479.7,7.9,"Market Street and Broad Street
Philadelphia, PENNSYLVANIA 19102
(39.95101964400004, -75.16565913299996)",NA
4399609,Juvenile Justice Center,NA: Standalone Property,NA: Standalone Property,12/31/2011,2011,91 N. 48th St.,NA,Philadelphia,19139,Prison/Incarceration,Prison/Incarceration,CBECS - Public Order and Safety,160000,2013,1,100,NA,783707500,NA,NA,NA,NA,NA,NA,NA,Most recent bill is either more than 120 days old or prior to your Next Eligible Date.; Bills for all meters of the type needed for this metric do not account for the full 12 calendar months.,Most recent bill is either more than 120 days old or prior to your Next Eligible Date.; Bills for all meters of the type needed for this metric do not account for the full 12 calendar months.; One or more use details does not have 12 full months of information.; One or more use has less than 12 full calendar months of gross floor area.,12/31/2013,NA,NA,NA,NA,NA,NA,NA,NA,NA,NA,NA,NA,NA,NA,NA,NA,NA,50,0,NA,0,0,NA,"91 N. 48th St.
Philadelphia, PENNSYLVANIA 19139
(39.96143241800007, -75.21639635099996)",NA
4399197,One Parkway Building,NA: Standalone Property,NA: Standalone Property,12/31/2012,2012,1515 Arch St,NA,Philadelphia,19102,Office,Office,CBECS - Office & Bank/Financial,502000,1962,1,100,40,772059100,15355150,52391771.8,212806.262,21280626.2,NA,NA,NA,Most recent bill is either more than 120 days old or prior to your Next Eligible Date.,One or more of the values for use details are outside the typical range for properties of your type.; Most recent bill is either more than 120 days old or prior to your Next Eligible Date.,12/31/2013,34,62448800,158330800,124.4,315.4,18,18,73672413,186854868,146.8,372.2,77304926.8,190669007.6,154,379.8,15355152.5,249131.4,50,7764.1,Main Asset ID,1129.4,6634.7,15.5,"1515 Arch St
Philadelphia, PENNSYLVANIA 19102
(39.95465578900007, -75.16507339099996)",NA
4319458,City Hall,3618415,"City Hall, MSB and CJC",12/31/2012,2012,Broad and Market Street,NA,Philadelphia,19102,Office,Other,CBECS - Other,1202000,1868,0,100,287,782273400,8296679,28308268.7,352223.609,35222360.9,NA,NA,NA,Most recent bill is either more than 120 days old or prior to your Next Eligible Date.,Most recent bill is either more than 120 days old or prior to your Next Eligible Date.,12/31/2013,94,134143200,265882400,111.6,221.2,-52.6,-52.7,63530629.3,125871441.5,52.9,104.7,69682319.2,131784595.3,58,109.6,8220094.7,416353.5,50,5454.2,Main Asset ID,1869.3,3584.9,4.5,"Broad and Market Street
Philadelphia, PENNSYLVANIA 19102
(39.95101964400004, -75.16565913299996)",NA
4319461,Criminal Justice Center,3618415,"City Hall, MSB and CJC",12/31/2012,2012,13th and Filbert Street,NA,Philadelphia,19107,Courthouse,Courthouse,CBECS - Public Order and Safety,600000,1994,1,100,93,781092450,16972140,57908941.7,2056,205600,NA,10995294.9,NA,Most recent bill is either more than 120 days old or prior to your Next Eligible Date.,Most recent bill is either more than 120 days old or prior to your Next Eligible Date.,12/31/2013,25,52380000,147960000,87.3,246.6,32,32,69109846.6,195277779.9,115.2,325.5,69094858.7,191957806.5,115.2,319.9,16472520.7,2056,50,8317.8,Main Asset ID,10.9,8306.9,13.9,"13th and Filbert Street
Philadelphia, PENNSYLVANIA 19107
(39.95314441100004, -75.16120989399997)",NA
4319459,Municipal Services Building,3618415,"City Hall, MSB and CJC",12/31/2012,2012,1401 J.F.K. Boulevard,NA,Philadelphia,19102,Office,Office,CBECS - Office & Bank/Financial,491000,1968,1,100,165,782003200,9605530,32774068.4,125703.844,12570384.4,NA,NA,NA,Most recent bill is either more than 120 days old or prior to your Next Eligible Date.,Most recent bill is either more than 120 days old or prior to your Next Eligible Date.,12/31/2013,67,55630300,142488200,113.3,290.2,-18.4,-18.5,45344453.7,116109481.3,92.4,236.5,48496337.9,119418959.7,98.8,243.2,9605529.1,157222.7,50,4817.5,Main Asset ID,667.1,4150.4,9.8,"1401 J.F.K. Boulevard
Philadelphia, PENNSYLVANIA 19102
(39.95101964400004, -75.16565913299996)",NA
4397413,Central Library,NA: Standalone Property,NA: Standalone Property,12/31/2012,2012,1901 Vine Street,NA,Philadelphia,19103,Library,Library,CBECS - Library,200680,1922,1,100,321,782598210,5899469,20128988.2,3793.32,379332,NA,4990457.6,NA,Most recent bill is either more than 120 days old or prior to your Next Eligible Date.,Most recent bill is either more than 120 days old or prior to your Next Eligible Date.; More than 50% of the gross floor area is not a single property use type that is eligible for a 1-100 score.,12/31/2013,NA,17318684,47280208,86.3,235.6,47.3,47.2,25498778,69607047.8,127.1,346.9,26403522.9,69806893.8,131.6,347.9,5765013.5,3793.3,50,3011,Main Asset ID,20.1,2990.9,15,"1901 Vine Street
Philadelphia, PENNSYLVANIA 19103
(39.95913822500006, -75.17039726099995)",NA
4392785,NE Reg Library/ Health Center #10,NA: Standalone Property,NA: Standalone Property,12/31/2012,2012,2230 Cottman Street,NA,Philadelphia,19149,Library,Library,CBECS - Library,58009,1962,2,100,281,786082700; 786082800,1324400,4518852.8,36103.36,3610336,NA,NA,NA,Most recent bill is either more than 120 days old or prior to your Next Eligible Date.,Most recent bill is either more than 120 days old or prior to your Next Eligible Date.; More than 50% of the gross floor area is not a single property use type that is eligible for a 1-100 score.,12/31/2013,NA,6177958.5,13666920.4,106.5,235.6,31.5,31.6,8129188.7,17980050.2,140.1,310,8406376.3,18046811.8,144.9,311.1,1292948,39948.4,50,763.9,Main Asset ID,191.6,572.3,13.2,"2230 Cottman Street
Philadelphia, PENNSYLVANIA 19149
(40.04848665700007, -75.06129637199996)",NA
4313193,Health Administration Building,NA: Standalone Property,NA: Standalone Property,12/31/2012,2012,500 South Broad Street,NA,Philadelphia,19146,Office,Office,CBECS - Office & Bank/Financial,77688,1959,1,100,895,782026200,2539518,8664835.4,31158.678,3115867.8,NA,NA,NA,Most recent bill is either more than 120 days old or prior to your Next Eligible Date.,Most recent bill is either more than 120 days old or prior to your Next Eligible Date.,12/31/2013,14,7636730.4,19756058.4,98.3,254.3,54.2,54.3,11780703.1,30479243.9,151.6,392.3,12335815.9,30871445.9,158.8,397.4,2512780.3,37622.1,50,1262.7,Main Asset ID,165.4,1097.3,16.3,"500 South Broad Street
Philadelphia, PENNSYLVANIA 19146
(39.94451807400003, -75.16538483499994)",NA
3267057,Health Center #5,NA: Standalone Property,NA: Standalone Property,12/31/2012,2012,1900 N. 20th Street,NA,Philadelphia,19121,Medical Office,Medical Office,CBECS - Medical Office,36260,1960,1,100,785,784552700,823744,2810614.5,18863.802,1886380.2,NA,NA,NA,Most recent bill is either more than 120 days old or prior to your Next Eligible Date.,Most recent bill is either more than 120 days old or prior to your Next Eligible Date.,12/31/2013,28,3854438,8869196,106.3,244.6,21.8,21.8,4696994.9,10806029.2,129.5,298,5044842.2,11058160.4,139.1,305,807882.6,22883.5,50,456,Main Asset ID,100.1,355.9,12.6,"1900 N. 20th Street
Philadelphia, PENNSYLVANIA 19121
(39.98308840300007, -75.16675489799997)",NA
4393301,Medical Exam Building,NA: Standalone Property,NA: Standalone Property,12/31/2012,2012,321 University Ave,NA,Philadelphia,19104,Laboratory,Other,CBECS - Other,85000,1970,1,100,133,783532000,2842865,9699855.4,9807.12,980712,NA,NA,NA,Most recent bill is either more than 120 days old or prior to your Next Eligible Date.,Most recent bill is either more than 120 days old or prior to your Next Eligible Date.; More than 50% of the gross floor area is not a single property use type that is eligible for a 1-100 score.,12/31/2013,NA,3553000,10463500,41.8,123.1,200.7,200.9,10680567.3,31487293.4,125.7,370.4,10608796.1,30942054,124.8,364,2776972.8,11337.6,50,1280.4,Main Asset ID,52,1228.4,15.1,"321 University Ave
Philadelphia, PENNSYLVANIA 19104
(39.947365028000036, -75.19853971799995)",NA
4398533,Art Museum and Perelman Bldg,NA: Standalone Property,NA: Standalone Property,12/31/2012,2012,2600 Ben Franklin Parkway,NA,Philadelphia,19130,Museum,Other - Entertainment/Public Assembly,CEBCS - Public Assembly,804000,1929,2,100,1933,782513700; 782513701,18559750,63325867,8295.959,829595.9,NA,84443488.3,NA,Most recent bill is either more than 120 days old or prior to your Next Eligible Date.,Most recent bill is either more than 120 days old or prior to your Next Eligible Date.; More than 50% of the gross floor area is not a single property use type that is eligible for a 1-100 score.,12/31/2013,NA,33768000,68420400,42,85.1,340,340.4,148598939.7,301303248.6,184.8,374.8,151065471,304270587.1,187.9,378.4,18559744.4,8296,50,15539.9,Main Asset ID,44,15495.9,19.3,"2600 Ben Franklin Parkway
Philadelphia, PENNSYLVANIA 19130
(39.966826774000026, -75.17123812099999)",NA
4398536,Curran Fromhold Correctional Facility,NA: Standalone Property,NA: Standalone Property,12/31/2012,2012,7901 State Road,NA,Philadelphia,22031,Prison/Incarceration,Prison/Incarceration,CBECS - Public Order and Safety,436250,1995,1,100,395,786504751,15884930,54199381.2,608113.387,60811338.7,NA,NA,NA,Most recent bill is either more than 120 days old or prior to your Next Eligible Date.,Most recent bill is either more than 120 days old or prior to your Next Eligible Date.; More than 50% of the gross floor area is not a single property use type that is eligible for a 1-100 score.,12/31/2013,NA,36426875,74118875,83.5,169.9,215.7,215.8,115010709.2,234037929,263.6,536.5,119025721.6,235675978.5,272.8,540.2,15523449.1,660597.1,50,10733,Main Asset ID,3227.4,7505.6,24.6,"7901 State Road
Philadelphia, PENNSYLVANIA 22031
(40.03056726800003, -75.02298658599994)",NA
4440131,Detention Center,NA: Standalone Property,NA: Standalone Property,12/31/2012,2012,8201 State Road,NA,Philadelphia,19136,Prison/Incarceration,Prison/Incarceration,CBECS - Public Order and Safety,108960,1963,0,100,394,786504751,3704654,12640279.4,290029.644,29002964.4,1507511.7,NA,NA,Most recent bill is either more than 120 days old or prior to your Next Eligible Date.,Most recent bill is either more than 120 days old or prior to your Next Eligible Date.; More than 50% of the gross floor area is not a single property use type that is eligible for a 1-100 score.,12/31/2013,NA,11146608,18512304,102.3,169.9,287.1,287.1,43150755.7,71666177.4,396,657.7,46815352.6,75501855.8,429.7,692.9,3704653.6,323638.5,50,3251.8,Main Asset ID,1651.1,1600.7,29.8,"8201 State Road
Philadelphia, PENNSYLVANIA 19136
(40.03321496600006, -75.01816700599994)",NA
4398538,House of Correction Complex,NA: Standalone Property,NA: Standalone Property,12/31/2012,2012,8003 State Road,NA,Philadelphia,19136,Prison/Incarceration,Other,CBECS - Other,830754,1927,5,100,397,786504751/881449900,6548540,22343618.5,816437.593,81643759.3,NA,NA,NA,Most recent bill is either more than 120 days old or prior to your Next Eligible Date.,One or more of the values for use details are outside the typical range for properties of your type.; Most recent bill is either more than 120 days old or prior to your Next Eligible Date.; More than 50% of the gross floor area is not a single property use type that is eligible for a 1-100 score.,12/31/2013,NA,68204903.4,102265817.4,82.1,123.1,52.5,52.4,103987377.9,155884909.5,125.2,187.6,114864340.9,167305720.7,138.3,201.4,6548539.2,925207.2,50,7162.5,Main Asset ID,4333,2829.5,8.6,"8003 State Road
Philadelphia, PENNSYLVANIA 19136
(40.03132339600006, -75.02162096699993)",NA
4393308,Philadelphia Industrial Correction Center,NA: Standalone Property,NA: Standalone Property,12/31/2012,2012,8203 State Road,NA,Philadelphia,19136,Prison/Incarceration,Prison/Incarceration,CBECS - Public Order and Safety,200000,1979,1,100,393,786504751,5999982,20471938.6,254656.18,25465618,NA,NA,NA,Most recent bill is either more than 120 days old or prior to your Next Eligible Date.,Most recent bill is either more than 120 days old or prior to your Next Eligible Date.; More than 50% of the gross floor area is not a single property use type that is eligible for a 1-100 score.,12/31/2013,NA,17140000,33980000,85.7,169.9,168,167.9,45937556.6,91020786,229.7,455.1,48512876.6,93724872,242.6,468.6,5999981.3,280409.4,50,3944,Main Asset ID,1351.5,2592.5,19.7,"8203 State Road
Philadelphia, PENNSYLVANIA 19136
(40.034545810000054, -75.01577636099995)",NA
4397414,Riverside Correctional Facility,NA: Standalone Property,NA: Standalone Property,12/31/2012,2012,8001 State Road,NA,Philadelphia,19136,Prison/Incarceration,Prison/Incarceration,CBECS - Public Order and Safety,220000,2004,1,100,398,786504751,3950715,13479839.6,165014.557,16501455.7,NA,NA,NA,Most recent bill is either more than 120 days old or prior to your Next Eligible Date.,Most recent bill is either more than 120 days old or prior to your Next Eligible Date.; More than 50% of the gross floor area is not a single property use type that is eligible for a 1-100 score.,12/31/2013,NA,18788000,37378000,85.4,169.9,59.6,59.6,29981294.5,59653222.3,136.3,271.2,31914053.1,61682618.9,145.1,280.4,3950714.3,184342.1,50,2582.8,Main Asset ID,875.8,1707,11.7,"8001 State Road
Philadelphia, PENNSYLVANIA 19136
(40.03125575000007, -75.02174207399997)",NA
4398535,Holmesburg Complex,NA: Standalone Property,NA: Standalone Property,12/31/2012,2012,8215 Torresdale Avenue,NA,Philadelphia,19136,Prison/Incarceration,Other - Public Services,CBECS - Other,716651,1896,3,20,64,786537201,1102425,3761474.1,60744.526,6074452.6,142830,NA,NA,Most recent bill is either more than 120 days old or prior to your Next Eligible Date.,Most recent bill is either more than 120 days old or prior to your Next Eligible Date.; More than 50% of the gross floor area is not a single property use type that is eligible for a 1-100 score.,12/31/2013,NA,48015617,88219738.1,67,123.1,-79.3,-79.2,9978756.6,18333461.8,13.9,25.6,10944774.9,19347164.1,15.3,27,1102424.8,70250.5,50,809.3,Main Asset ID,333,476.3,1.1,"8215 Torresdale Avenue
Philadelphia, PENNSYLVANIA 19136
(40.03688798300004, -75.02199537999996)",NA
4397412,Family Courts,NA: Standalone Property,NA: Standalone Property,12/31/2012,2012,1801 Vine Street,NA,Philadelphia,19103,Courthouse,Courthouse,CBECS - Public Order and Safety,250000,1939,1,100,309,782598000,2783062,9495807.5,56930.642,5693064.2,NA,10759233.4,NA,Most recent bill is either more than 120 days old or prior to your Next Eligible Date.; Bills include one or more estimated values.,Most recent bill is either more than 120 days old or prior to your Next Eligible Date.,12/31/2013,67,31650000,59425000,126.6,237.7,-18,-18,25948105.1,48738352.7,103.8,195,27251209.6,50387496.1,109,201.6,2783061.6,51608.2,50,2457.2,Main Asset ID,302.1,2155.1,9.8,"1801 Vine Street
Philadelphia, PENNSYLVANIA 19103
(39.95895080400004, -75.16886637299996)",NA
4393305,Police Administration Building,NA: Standalone Property,NA: Standalone Property,12/31/2012,2012,750 Race Street,NA,Philadelphia,19106,Office,Office,CBECS - Office & Bank/Financial,126000,1956,1,100,156,781379300,5077629,17324870.1,0,0,NA,5463423.1,NA,Most recent bill is either more than 120 days old or prior to your Next Eligible Date.,Most recent bill is either more than 120 days old or prior to your Next Eligible Date.,12/31/2013,5,12096000,32369400,96,256.9,88.4,88.4,22788293.1,60972814.4,180.9,483.9,23179448.5,60987133.7,184,484,5008591.7,0,50,2677.7,Main Asset ID,0,2677.7,21.3,"750 Race Street
Philadelphia, PENNSYLVANIA 19106
(39.954903330000036, -75.15199808499995)",NA
4392784,Fleet Shop 134,NA: Standalone Property,NA: Standalone Property,12/31/2012,2012,Front and Hunting Park,NA,Philadelphia,19125,"Repair Services (Vehicle, Shoe, Locksmith, etc.)",Other - Services,CBECS - Service,59962,1968,1,100,904,884460965,1196800,4083481.6,62625.758,6262575.8,NA,NA,NA,Most recent bill is either more than 120 days old or prior to your Next Eligible Date.,Most recent bill is either more than 120 days old or prior to your Next Eligible Date.; More than 50% of the gross floor area is not a single property use type that is eligible for a 1-100 score.,12/31/2013,NA,3207967,6020184.8,53.5,100.4,222.4,222.2,10346058,19397838.9,172.5,323.5,11599828,20714297.3,193.5,345.5,1196800.1,75163.5,50,849.5,Main Asset ID,332.4,517.1,14.2,"Front and Hunting Park
Philadelphia, PENNSYLVANIA 19125
(39.977976058000024, -75.12637593899996)",NA
4397411,Philadelphia Nursing Home,NA: Standalone Property,NA: Standalone Property,12/31/2012,2012,2300 Poplar St.,NA,Philadelphia,19130,Senior Care Community,Senior Care Community,CBECS - Nursing,347543,1950,4,100,853,881444600,4881630,16656121.6,170236.787,17023678.7,NA,NA,NA,Most recent bill is either more than 120 days old or prior to your Next Eligible Date.,One or more of the values for use details are outside the typical range for properties of your type.; Most recent bill is either more than 120 days old or prior to your Next Eligible Date.; Use details include one or more temporary value.,12/31/2013,1,17099115.6,35623157.5,49.2,102.5,97,97,33679800,70175083.5,96.9,201.9,36146652.7,72037152.4,104,207.3,4779523.3,198389.2,50,3012.8,Main Asset ID,903.5,2109.3,8.7,"2300 Poplar St.
Philadelphia, PENNSYLVANIA 19130
(39.97201781900003, -75.17447905499995)",NA
4432188,Fire Administration Building,NA: Standalone Property,NA: Standalone Property,12/31/2012,2012,276 Spring Garden Street,NA,Philadelphia,19123,Office,Office,CBECS - Office & Bank/Financial,50601,1975,1,100,274,781398000,1598856,5455296.7,NA,NA,1737972.1,NA,NA,Most recent bill is either more than 120 days old or prior to your Next Eligible Date.,One or more of the values for use details are outside the typical range for properties of your type.; Most recent bill is either more than 120 days old or prior to your Next Eligible Date.,12/31/2013,14,4655292,12225201.6,92,241.6,54.6,54.5,7193268.6,18884982.9,142.2,373.2,7088318.8,18555440.6,140.1,366.7,1568096.8,NA,50,819.8,Main Asset ID,129,690.8,16.2,"276 Spring Garden Street
Philadelphia, PENNSYLVANIA 19123
(39.960807561000024, -75.14312705999998)",NA
3618415,"City Hall, MSB and CJC",3618415,"City Hall, MSB and CJC",12/31/2012,2012,Market Street and Broad Street,NA,Philadelphia,19102,Office,Courthouse,CBECS - Public Order and Safety,2293000,1868,3,90,NA,NA,34874350,118991282.2,479983.454,47998345.4,NA,10995294.9,NA,Most recent bill is either more than 120 days old or prior to your Next Eligible Date.,Most recent bill is either more than 120 days old or prior to your Next Eligible Date.,12/31/2013,NA,229070700,562931500,99.9,245.5,-22.3,-22.3,177984929.6,437258702.8,77.6,190.7,187636121.5,445093760,81.8,194.1,34515736,571834,50,18589.6,NA,2547.4,16042.2,8.1,"Market Street and Broad Street
Philadelphia, PENNSYLVANIA 19102
(39.95101964400004, -75.16565913299996)",NA
4399609,Juvenile Justice Center,NA: Standalone Property,NA: Standalone Property,12/31/2012,2012,91 N. 48th St.,NA,Philadelphia,19139,Prison/Incarceration,Prison/Incarceration,CBECS - Public Order and Safety,160000,2013,1,100,NA,783707500,NA,NA,NA,NA,NA,NA,NA,Most recent bill is either more than 120 days old or prior to your Next Eligible Date.; Bills for all meters of the type needed for this metric do not account for the full 12 calendar months.,Most recent bill is either more than 120 days old or prior to your Next Eligible Date.; Bills for all meters of the type needed for this metric do not account for the full 12 calendar months.; One or more use details does not have 12 full months of information.; One or more use has less than 12 full calendar months of gross floor area.,12/31/2013,NA,NA,NA,NA,NA,NA,NA,NA,NA,NA,NA,NA,NA,NA,NA,NA,NA,50,0,NA,0,0,NA,"91 N. 48th St.
Philadelphia, PENNSYLVANIA 19139
(39.96143241800007, -75.21639635099996)",NA
4399197,One Parkway Building,NA: Standalone Property,NA: Standalone Property,12/31/2013,2013,1515 Arch St,NA,Philadelphia,19102,Office,Office,CBECS - Office & Bank/Financial,502000,1962,1,100,40,772059100,13810000,47119720,284.129,28412.9,NA,NA,NA,Most recent bill is either more than 120 days old or prior to your Next Eligible Date.,One or more of the values for use details are outside the typical range for properties of your type.; Most recent bill is either more than 120 days old or prior to your Next Eligible Date.,12/31/2013 0:00,56,50852600,159636000,101.3,318,-7.3,-7.3,47148136.1,147985764.4,93.9,294.8,47148136.1,147985764.4,93.9,294.8,13809999.3,284.1,50,5968.6,Main Asset ID,1.5,5967.1,11.9,"1515 Arch St
Philadelphia, Pennsylvania 19102
(39.95465578900007, -75.16507339099996)",NA
4319458,City Hall,3618415,"City Hall, MSB and CJC",12/31/2013,2013,Broad and Market Street,NA,Philadelphia,19102,Office,Other,CBECS - Other,1202000,1868,0,100,287,782273400,6353859,21679366.9,374171.433,37417143.3,NA,NA,NA,Most recent bill is either more than 120 days old or prior to your Next Eligible Date.,Most recent bill is either more than 120 days old or prior to your Next Eligible Date.,12/31/2013 0:00,97,148086400,269007600,123.2,223.8,-60.1,-60.1,59096510.7,107361214,49.2,89.3,60131995.3,108448472.8,50,90.2,6353858.3,384526.3,50,4731.2,Main Asset ID,1985.8,2745.4,3.9,"Broad and Market Street
Philadelphia, Pennsylvania 19102
(39.95101964400004, -75.16565913299996)",NA
4319461,Criminal Justice Center,3618415,"City Hall, MSB and CJC",12/31/2013,2013,13th and Filbert Street,NA,Philadelphia,19107,Courthouse,Courthouse,CBECS - Public Order and Safety,600000,1994,1,100,93,781092450,17372190,59273912.3,103334.564,10333456.4,NA,7705468.6,NA,Most recent bill is either more than 120 days old or prior to your Next Eligible Date.; One or more bills cover more than 65 days.,Most recent bill is either more than 120 days old or prior to your Next Eligible Date.,12/31/2013 0:00,21,56040000,149520000,93.4,249.2,38,37.9,77312831.5,206240191,128.9,343.7,NA,NA,NA,NA,17375684.7,103334.6,50,8736.9,Main Asset ID,548.4,8188.5,14.6,"13th and Filbert Street
Philadelphia, Pennsylvania 19107
(39.95314441100004, -75.16120989399997)",NA
4319459,Municipal Services Building,3618415,"City Hall, MSB and CJC",12/31/2013,2013,1401 J.F.K. Boulevard,NA,Philadelphia,19102,Office,Office,CBECS - Office & Bank/Financial,491000,1968,1,100,165,782003200,8637517,29471208,171377.87,17137787,NA,NA,NA,Most recent bill is either more than 120 days old or prior to your Next Eligible Date.,Most recent bill is either more than 120 days old or prior to your Next Eligible Date.,12/31/2013 0:00,72,60638500,143764800,123.5,292.8,-23.2,-23.1,46608995,110534269.4,94.9,225.1,47175794.9,111129409.4,96.1,226.3,8637515.9,177045.9,50,4641.6,Main Asset ID,909.5,3732.1,9.5,"1401 J.F.K. Boulevard
Philadelphia, Pennsylvania 19102
(39.95101964400004, -75.16565913299996)",NA
4397413,Central Library,NA: Standalone Property,NA: Standalone Property,12/31/2013,2013,1901 Vine Street,NA,Philadelphia,19103,Library,Library,CBECS - Library,200680,1922,1,100,321,782598210,6002560,20480734.7,3526.04,352604,NA,6865392.3,NA,Most recent bill is either more than 120 days old or prior to your Next Eligible Date.; One or more bills cover more than 65 days.,Most recent bill is either more than 120 days old or prior to your Next Eligible Date.; More than 50% of the gross floor area is not a single property use type that is eligible for a 1-100 score.,12/31/2013 0:00,NA,17960860,47280208,89.5,235.6,54.2,54.3,27698731.2,72939090.7,138,363.5,NA,NA,NA,NA,6004336.4,3526,50,3220.2,Main Asset ID,18.7,3201.5,16,"1901 Vine Street
Philadelphia, Pennsylvania 19103
(39.95913822500006, -75.17039726099995)",NA
4392785,NE Reg Library/ Health Center #10,NA: Standalone Property,NA: Standalone Property,12/31/2013,2013,2230 Cottman Street,NA,Philadelphia,19149,Library,Library,CBECS - Library,58009,1962,2,100,281,786082700; 786082800,1187600,4052091.2,38621.958,3862195.8,NA,NA,NA,Most recent bill is either more than 120 days old or prior to your Next Eligible Date.,Most recent bill is either more than 120 days old or prior to your Next Eligible Date.; More than 50% of the gross floor area is not a single property use type that is eligible for a 1-100 score.,12/31/2013 0:00,NA,6450600.8,13666920.4,111.2,235.6,22.7,22.8,7914287,16778872,136.4,289.2,7957523.4,16827699.3,137.2,290.1,1188080.7,39037.9,50,718.1,Main Asset ID,205,513.1,12.4,"2230 Cottman Street
Philadelphia, Pennsylvania 19149
(40.04848665700007, -75.06129637199996)",NA
4313193,Health Administration Building,NA: Standalone Property,NA: Standalone Property,12/31/2013,2013,500 South Broad Street,NA,Philadelphia,19146,Office,Office,CBECS - Office & Bank/Financial,77688,1959,1,100,895,782026200,2307360,7872712.3,23273.918,2327391.8,NA,NA,NA,Most recent bill is either more than 120 days old or prior to your Next Eligible Date.,Most recent bill is either more than 120 days old or prior to your Next Eligible Date.,12/31/2013 0:00,22,7496892,19958047.2,96.5,256.9,36.1,36.1,10200103.6,27164076.3,131.3,349.7,10257334.2,27227360.9,132,350.5,2307807.2,23831,50,1120.5,Main Asset ID,123.5,997,14.4,"500 South Broad Street
Philadelphia, Pennsylvania 19146
(39.94451807400003, -75.16538483499994)",NA
3267057,Health Center #5,NA: Standalone Property,NA: Standalone Property,12/31/2013,2013,1900 N. 20th Street,NA,Philadelphia,19121,Medical Office,Medical Office,CBECS - Medical Office,36260,1960,1,100,785,784552700,771078,2630918.1,22317.879,2231787.9,NA,NA,NA,Most recent bill is either more than 120 days old or prior to your Next Eligible Date.,Most recent bill is either more than 120 days old or prior to your Next Eligible Date.,12/31/2013 0:00,31,4068372,8869196,112.2,244.6,19.5,19.6,4862706.2,10604460.7,134.1,292.5,4925806.4,10672253.7,135.8,294.3,771293.6,22941.5,50,451.6,Main Asset ID,118.4,333.2,12.5,"1900 N. 20th Street
Philadelphia, Pennsylvania 19121
(39.98308840300007, -75.16675489799997)",NA
4393301,Medical Exam Building,NA: Standalone Property,NA: Standalone Property,12/31/2013,2013,321 University Ave,NA,Philadelphia,19104,Laboratory,Other,CBECS - Other,85000,1970,1,100,133,783532000,2698320,9206667.8,9992.16,999216,NA,NA,NA,Most recent bill is either more than 120 days old or prior to your Next Eligible Date.,Most recent bill is either more than 120 days old or prior to your Next Eligible Date.; More than 50% of the gross floor area is not a single property use type that is eligible for a 1-100 score.,12/31/2013 0:00,NA,3561500,10463500,41.9,123.1,186.6,186.3,10205883.9,29958113.9,120.1,352.4,10155717.2,29774570.9,119.5,350.3,2679967.9,10116.7,50,1218.9,Main Asset ID,53,1165.9,14.3,"321 University Ave
Philadelphia, Pennsylvania 19104
(39.947365028000036, -75.19853971799995)",NA
4398533,Art Museum and Perelman Bldg,NA: Standalone Property,NA: Standalone Property,12/31/2013,2013,2600 Ben Franklin Parkway,NA,Philadelphia,19130,Museum,Other - Entertainment/Public Assembly,CEBCS - Public Assembly,804000,1929,2,100,1933,782513700; 782513701,17954640,61261231.7,8470.72,847072,NA,89408871.6,NA,Most recent bill is either more than 120 days old or prior to your Next Eligible Date.,Most recent bill is either more than 120 days old or prior to your Next Eligible Date.; More than 50% of the gross floor area is not a single property use type that is eligible for a 1-100 score.,12/31/2013 0:00,NA,34491600,68420400,42.9,85.1,339.4,339.6,151517174.8,300812238.3,188.5,374.1,151811083.6,301165822.7,188.8,374.6,17954637.7,8470.7,50,15719.1,Main Asset ID,45,15674.1,19.6,"2600 Ben Franklin Parkway
Philadelphia, Pennsylvania 19130
(39.966826774000026, -75.17123812099999)",NA
4398536,Curran Fromhold Correctional Facility,NA: Standalone Property,NA: Standalone Property,12/31/2013,2013,7901 State Road,NA,Philadelphia,22031,Prison/Incarceration,Prison/Incarceration,CBECS - Public Order and Safety,436250,1995,1,100,395,786504751,16080440,54866461.3,647691.386,64769138.6,NA,NA,NA,Most recent bill is either more than 120 days old or prior to your Next Eligible Date.,Most recent bill is either more than 120 days old or prior to your Next Eligible Date.; More than 50% of the gross floor area is not a single property use type that is eligible for a 1-100 score.,12/31/2013 0:00,NA,36906750,74118875,84.6,169.9,224.1,224.2,119635583.2,240288231.6,274.2,550.8,120037292.3,240029493,275.2,550.2,15985001.2,654964.6,50,11035.4,Main Asset ID,3437.4,7598,25.3,"7901 State Road
Philadelphia, Pennsylvania 22031
(40.03056726800003, -75.02298658599994)",NA
4440131,Detention Center,NA: Standalone Property,NA: Standalone Property,12/31/2013,2013,8201 State Road,NA,Philadelphia,19136,Prison/Incarceration,Prison/Incarceration,CBECS - Public Order and Safety,108960,1963,0,100,394,786504751,3906355,13328483.3,278988.939,27898893.9,2014798.9,NA,NA,Most recent bill is either more than 120 days old or prior to your Next Eligible Date.; Bills include one or more estimated values.,Most recent bill is either more than 120 days old or prior to your Next Eligible Date.; More than 50% of the gross floor area is not a single property use type that is eligible for a 1-100 score.,12/31/2013 0:00,NA,10939584,18512304,100.4,169.9,295.3,295.3,43242176,73180222.8,396.9,671.6,43504934.9,73143313.1,399.3,671.3,3862667.9,282788.7,50,3318.1,Main Asset ID,1630.2,1687.9,30.5,"8201 State Road
Philadelphia, Pennsylvania 19136
(40.03321496600006, -75.01816700599994)",NA
4398538,House of Correction Complex,NA: Standalone Property,NA: Standalone Property,12/31/2013,2013,8003 State Road,NA,Philadelphia,19136,Prison/Incarceration,Other,CBECS - Other,830754,1927,5,100,397,786504751/881449900,7399915,25248510,874015.902,87401590.2,NA,NA,NA,Most recent bill is either more than 120 days old or prior to your Next Eligible Date.,One or more of the values for use details are outside the typical range for properties of your type.; Most recent bill is either more than 120 days old or prior to your Next Eligible Date.; More than 50% of the gross floor area is not a single property use type that is eligible for a 1-100 score.,12/31/2013 0:00,NA,67374149.4,102265817.4,81.1,123.1,67.2,67.3,112650099.8,171051989.8,135.6,205.9,114162317.1,172639817.9,137.4,207.8,7399914,889138.1,50,7836,Main Asset ID,4638.6,3197.4,9.4,"8003 State Road
Philadelphia, Pennsylvania 19136
(40.03132339600006, -75.02162096699993)",NA
4393308,Philadelphia Industrial Correction Center,NA: Standalone Property,NA: Standalone Property,12/31/2013,2013,8203 State Road,NA,Philadelphia,19136,Prison/Incarceration,Prison/Incarceration,CBECS - Public Order and Safety,200000,1979,1,100,393,786504751,5947100,20291505.2,1963.48,196348,NA,NA,NA,Most recent bill is either more than 120 days old or prior to your Next Eligible Date.,Most recent bill is either more than 120 days old or prior to your Next Eligible Date.; More than 50% of the gross floor area is not a single property use type that is eligible for a 1-100 score.,12/31/2013 0:00,NA,10880000,33980000,54.4,169.9,88.2,88.1,20487853.7,63921493.2,102.4,319.6,20495472.4,63945415.9,102.5,319.7,5949332.3,1963.5,50,2580.1,Main Asset ID,10.4,2569.7,12.9,"8203 State Road
Philadelphia, Pennsylvania 19136
(40.034545810000054, -75.01577636099995)",NA
4397414,Riverside Correctional Facility,NA: Standalone Property,NA: Standalone Property,12/31/2013,2013,8001 State Road,NA,Philadelphia,19136,Prison/Incarceration,Prison/Incarceration,CBECS - Public Order and Safety,220000,2004,1,100,398,786504751,4046389,13806279.3,162670.716,16267071.6,NA,NA,NA,Most recent bill is either more than 120 days old or prior to your Next Eligible Date.,Most recent bill is either more than 120 days old or prior to your Next Eligible Date.; More than 50% of the gross floor area is not a single property use type that is eligible for a 1-100 score.,12/31/2013 0:00,NA,18590000,37378000,84.5,169.9,61.8,61.7,30073350.6,60432141.3,136.7,274.7,30315811.3,60686725,137.8,275.8,4046388.4,165095.3,50,2611.7,Main Asset ID,863.3,1748.4,11.9,"8001 State Road
Philadelphia, Pennsylvania 19136
(40.03125575000007, -75.02174207399997)",NA
4398535,Holmesburg Complex,NA: Standalone Property,NA: Standalone Property,12/31/2013,2013,8215 Torresdale Avenue,NA,Philadelphia,19136,Prison/Incarceration,Other - Public Services,CBECS - Other,716651,1896,3,20,64,786537201,1527156,5210656.3,73512.275,7351227.5,243971.6,NA,NA,Most recent bill is either more than 120 days old or prior to your Next Eligible Date.,Most recent bill is either more than 120 days old or prior to your Next Eligible Date.; More than 50% of the gross floor area is not a single property use type that is eligible for a 1-100 score.,12/31/2013 0:00,NA,46438984.8,88219738.1,64.8,123.1,-72.4,-72.5,12805855,24326659.6,17.9,33.9,12913301.3,24439382.4,18,34.1,1527155.7,74562.8,50,1068.1,Main Asset ID,408.2,659.9,1.5,"8215 Torresdale Avenue
Philadelphia, Pennsylvania 19136
(40.03688798300004, -75.02199537999996)",NA
4397412,Family Courts,NA: Standalone Property,NA: Standalone Property,12/31/2013,2013,1801 Vine Street,NA,Philadelphia,19103,Courthouse,Courthouse,CBECS - Public Order and Safety,250000,1939,1,100,309,782598000,2735928,9334986.3,58472.638,5847263.8,NA,12440594.4,NA,Most recent bill is either more than 120 days old or prior to your Next Eligible Date.; One or more bills cover more than 65 days.,Most recent bill is either more than 120 days old or prior to your Next Eligible Date.,12/31/2013 0:00,65,32925000,60075000,131.7,240.3,-16.1,-16.1,27622844.7,50418030.8,110.5,201.7,NA,NA,NA,NA,2753101.7,58289.9,50,2593.9,Main Asset ID,310.3,2283.6,10.4,"1801 Vine Street
Philadelphia, Pennsylvania 19103
(39.95895080400004, -75.16886637299996)",NA
4393305,Police Administration Building,NA: Standalone Property,NA: Standalone Property,12/31/2013,2013,750 Race Street,NA,Philadelphia,19106,Office,Office,CBECS - Office & Bank/Financial,126000,1956,1,100,156,781379300,5039068,17193300,0,0,NA,5754872,NA,Most recent bill is either more than 120 days old or prior to your Next Eligible Date.,Most recent bill is either more than 120 days old or prior to your Next Eligible Date.,12/31/2013 0:00,6,12322800,32697000,97.8,259.5,86.2,86.3,22948171.7,60910308.7,182.1,483.4,23041956.2,61013664.8,182.9,484.2,5037634.3,0,50,2686.8,Main Asset ID,0,2686.8,21.3,"750 Race Street
Philadelphia, Pennsylvania 19106
(39.954903330000036, -75.15199808499995)",NA
4392784,Fleet Shop 134,NA: Standalone Property,NA: Standalone Property,12/31/2013,2013,Front and Hunting Park,NA,Philadelphia,19125,"Repair Services (Vehicle, Shoe, Locksmith, etc.)",Other - Services,CBECS - Service,59962,1968,1,100,904,884460965,969599.9,3308274.9,88438.837,8843883.7,NA,NA,NA,Most recent bill is either more than 120 days old or prior to your Next Eligible Date.,Most recent bill is either more than 120 days old or prior to your Next Eligible Date.; More than 50% of the gross floor area is not a single property use type that is eligible for a 1-100 score.,12/31/2013 0:00,NA,3717644,6020184.8,62,100.4,226.9,226.8,12152158.6,19674061.2,202.7,328.1,12417095,19952244.3,207.1,332.7,969599.8,91088.2,50,888.4,Main Asset ID,469.4,419,14.8,"Front and Hunting Park
Philadelphia, Pennsylvania 19125
(39.977976058000024, -75.12637593899996)",NA
4397411,Philadelphia Nursing Home,NA: Standalone Property,NA: Standalone Property,12/31/2013,2013,2300 Poplar St.,NA,Philadelphia,19130,Senior Care Community,Senior Care Community,CBECS - Nursing,347543,1950,4,100,853,881444600,4689906,16001959.3,249032.977,24903297.7,NA,NA,NA,Most recent bill is either more than 120 days old or prior to your Next Eligible Date.,One or more of the values for use details are outside the typical range for properties of your type.; Most recent bill is either more than 120 days old or prior to your Next Eligible Date.; Use details include one or more temporary value.,12/31/2013 0:00,1,19184373.6,35831683.3,55.2,103.1,113.2,113.2,40905257.2,76394615.3,117.7,219.8,41510640.5,76914764.5,119.4,221.3,4673708.3,255639.5,50,3348.1,Main Asset ID,1321.7,2026.4,9.6,"2300 Poplar St.
Philadelphia, Pennsylvania 19130
(39.97201781900003, -75.17447905499995)",NA
4432188,Fire Administration Building,NA: Standalone Property,NA: Standalone Property,12/31/2013,2013,276 Spring Garden Street,NA,Philadelphia,19123,Office,Office,CBECS - Office & Bank/Financial,50601,1975,1,100,274,781398000,1592400,5433268.8,NA,NA,1478163.5,NA,NA,Most recent bill is either more than 120 days old or prior to your Next Eligible Date.,One or more of the values for use details are outside the typical range for properties of your type.; Most recent bill is either more than 120 days old or prior to your Next Eligible Date.,12/31/2013 0:00,15,4604691,12356764.2,91,244.2,50.1,50.2,6911432.1,18553408.4,136.6,366.7,6912615.4,18557123.9,136.6,366.7,1592746.5,NA,50,797.8,Main Asset ID,109.7,688.1,15.8,"276 Spring Garden Street
Philadelphia, Pennsylvania 19123
(39.960807561000024, -75.14312705999998)",NA
3618415,"City Hall, MSB and CJC",3618415,"City Hall, MSB and CJC",12/31/2013,2013,Market Street and Broad Street,NA,Philadelphia,19102,Office,Courthouse,CBECS - Public Order and Safety,2293000,1868,3,90,NA,NA,32363560,110424466.7,648883.868,64888386.8,NA,7705468.6,NA,Most recent bill is either more than 120 days old or prior to your Next Eligible Date.; One or more bills cover more than 65 days.,Most recent bill is either more than 120 days old or prior to your Next Eligible Date.,12/31/2013 0:00,NA,245580300,568893300,107.1,248.1,-25.5,-25.4,183018337.2,424135674.4,79.8,185,NA,NA,NA,NA,32363560.5,666998.5,50,18109.9,NA,3443.8,14666.1,7.9,"Market Street and Broad Street
Philadelphia, Pennsylvania 19102
(39.95101964400004, -75.16565913299996)",NA
4399609,Juvenile Justice Center,NA: Standalone Property,NA: Standalone Property,12/31/2013,2013,91 N. 48th St.,NA,Philadelphia,19139,Prison/Incarceration,Prison/Incarceration,CBECS - Public Order and Safety,160000,2013,1,100,NA,783707500,3403478,11612666.9,171069.484,17106948.4,NA,NA,NA,Most recent bill is either more than 120 days old or prior to your Next Eligible Date.,Most recent bill is either more than 120 days old or prior to your Next Eligible Date.; More than 50% of the gross floor area is not a single property use type that is eligible for a 1-100 score.,12/31/2013 0:00,NA,14336000,27184000,89.6,169.9,100.3,100.2,28719615.4,54426070.1,179.5,340.2,28799015.3,54519288,180,340.7,3404858.6,171816.4,50,2378.5,NA,907.9,1470.6,14.9,"91 N. 48th St.
Philadelphia, Pennsylvania 19139
(39.96143241800007, -75.21639635099996)",NA
4398533,Art Museum Main Bldg & Perelman Bldg,NA: Standalone Property,NA: Standalone Property,12/31/2014,2014,1515 Arch St,NA,Philadelphia,19130,Museum,Museum,CBECS - Public Assembly,804000,1928,1,100,N/A,782513700; 782513701,17070200,58243522.4,9085.35552,908535.6,Not Available,91120800.7,Not Available,N/A,N/A,N/A,Not Available,35039314,68426604.4,43.6,85.1,328.9,328.9,150272849.5,293460661.9,186.9,365,149478719.1,291983516.8,185.9,363.2,16991245.2,9085.4,50,13895.3,N/A,48.3,13847.1,17.3,"2600 Ben Franklin Pkwy
Philadelphia, PA
",24934.9
4393307,Bartram Transfer Station- Fleet Shop 290,NA,NA,12/31/2014,2014,NA,NA,Philadelphia,19143,"Repair Services (Vehicle, Shoe, Locksmith, etc.)","Repair Services (Vehicle, Shoe, Locksmith, etc.)",CBECS - Service,159958,1959,1,100,N/A,783181200,260132.6,887572.4,Not Available,Not Available,2261916.8,Not Available,Not Available,N/A,N/A,N/A,Not Available,9972523.9,16058408.7,62.3,100.4,-68.4,-68.4,3149489.1,5071513.1,19.7,31.7,3131611.3,5015376.7,19.6,31.4,254892.9,Not Available,50,286.7,N/A,167.9,118.8,1.8,"5014 Grays Avenue
Philadelphia, PA
(39.937742, -75.211295)",158.6
4397413,Central Library,NA: Standalone Property,NA: Standalone Property,12/31/2014,2014,1901 Vine Street,NA,Philadelphia,19103,Library,Library,CBECS - Library,200680,1922,1,100,N/A,782598210,6004879,20488647.1,4948.72911,494872.9,Not Available,7793045.5,Not Available,N/A,N/A,N/A,Not Available,18332933.7,47289916,91.4,235.6,57,57,28776565.2,74229321.7,143.4,369.9,27849670.8,72741043.6,138.8,362.5,5948411,4948.7,50,3286.5,N/A,26.3,3260.2,16.4,"1901 Vine St
Philadelphia, PA
(39.959085, -75.170338)",5743.2
4319458,City Hall,3618415,"City Hall, MSB and CJC",12/31/2014,2014,Broad and Market Street,NA,Philadelphia,19102,Office,Courthouse,CBECS - Public Order and Safety,659185,1900,1,100,N/A,782273400,5764894,19669818.3,398529.2605,39852926.1,138000,Not Available,Not Available,N/A,N/A,N/A,82,90861891.7,158006007.2,137.8,239.7,-34.3,-34.3,59660745.5,103748185.5,90.5,157.4,Not Available,Not Available,Not Available,Not Available,5764893.6,382866.8,50,4760.1,N/A,2127,2633.1,7.2,"1400 Market St
Philadelphia, PA
",4841
4392783,Cobbs Creek Rec Center & Ice Rink,NA,NA,12/31/2014,2014,NA,NA,Philadelphia,19139,Ice/Curling Rink,Ice/Curling Rink,CBECS - Recreation,66000,1904,1,100,N/A,783097300,1188796,4056172,11834.32517,1183432.5,Not Available,Not Available,Not Available,N/A,N/A,N/A,Not Available,2395085.3,6389959.6,36.3,96.8,118.8,118.8,5239605.3,13978986.8,79.4,211.8,5202941.5,13940489.8,78.8,211.2,1188796.1,11467.7,50,605.8,N/A,62.9,543,9.2,"280 Cobbs Creek Pky
Philadelphia, PA
(39.957264, -75.247888)",203.5
4319461,Criminal Justice Center (CJC),3618415,"City Hall, MSB and CJC",12/31/2014,2014,13th and Filbert Street,NA,Philadelphia,19107,Courthouse,Courthouse,CBECS - Public Order and Safety,600000,1994,1,100,N/A,781092450,13331880,45488374.6,165493.7776,16549377.8,Not Available,2731434.3,Not Available,N/A,N/A,N/A,41,59323605,149750132.9,98.9,249.6,9.2,9.2,64769195.3,163496397.7,107.9,272.5,64102959.6,162212800,106.8,270.4,13249978.9,161625.9,50,7149.7,N/A,879,6270.7,11.9,"1301 Filbert Street
Philadelphia, PA
(39.953156, -75.161305)",18028.5
4398536,Curran Fromhold Correctional Facility,NA: Standalone Property,NA: Standalone Property,12/31/2014,2014,7901 State Road,NA,Philadelphia,19136,Prison/Incarceration,Prison/Incarceration,CBECS - Public Order and Safety,436250,1995,1,100,N/A,786504751,16034220,54708758.6,654902.9204,65490292,Not Available,Not Available,Not Available,N/A,N/A,N/A,Not Available,37028789.5,74104472.3,84.9,169.9,224.6,224.6,120199064.3,240550351.7,275.5,551.4,118870919.1,239297021.1,272.5,548.5,16054025.8,640945.8,50,10802.1,N/A,3478.5,7323.6,24.8,"7901 State Rd
Philadelphia, PA
(40.031562, -75.021181)",87208.3
4440131,Detention Center,NA: Standalone Property,NA: Standalone Property,12/31/2014,2014,8201 State Road,NA,Philadelphia,19136,Prison/Incarceration,Prison/Incarceration,CBECS - Public Order and Safety,108960,1963,1,100,N/A,786504751,3718733,12688317,247930.6391,24793063.9,1996708.4,Not Available,Not Available,N/A,N/A,N/A,Not Available,10762714.8,18508706.7,98.8,169.9,266.8,266.8,39478090.8,67890712.7,362.3,623.1,38724873.9,67101170.3,355.4,615.8,3718733,240732.3,50,3163.6,N/A,1465.1,1698.5,29,"8201 State Rd
Philadelphia, PA
(40.03393, -75.01697)",116063.2
4397412,Family Court,NA: Standalone Property,NA: Standalone Property,12/31/2014,2014,1801 Vine Street,NA,Philadelphia,19103,Courthouse,Courthouse,CBECS - Public Order and Safety,250000,1941,1,100,N/A,782598000,2436870,8314600.4,46448.045,4644804.5,Not Available,12587386.5,Not Available,N/A,N/A,N/A,72,33328316.9,60178589.3,133.3,240.7,-23.3,-23.3,25546791.9,46128034.7,102.2,184.5,25136911.6,45674555.4,100.5,182.7,2443729.2,46821.1,50,2195.5,N/A,246.7,1948.8,8.8,"1801 Vine St
Philadelphia, PA
(39.958893, -75.168759)",6016.2
4432188,Fire Administration,NA: Standalone Property,NA: Standalone Property,12/31/2014,2014,276 Spring Garden Street,NA,Philadelphia,19123,Office,Office,CBECS - Office & Bank/Financial,50601,1975,1,100,N/A,781398000,1584706,5407016.9,Not Available,Not Available,Not Available,Not Available,Not Available,N/A,N/A,N/A,22,3941368.3,12375897.9,77.9,244.6,37.2,37.2,5407016.5,16978031.9,106.9,335.5,5384510.1,16907361.8,106.4,334.1,1578109.5,Not Available,50,723.8,N/A,0,723.8,14.3,"276 Spring Garden St
Philadelphia, PA
(39.960785, -75.143222)",1048.1
4392784,Fleet Shop 134,NA: Standalone Property,NA: Standalone Property,12/31/2014,2014,Front and Hunting Park,NA,Philadelphia,19124,"Repair Services (Vehicle, Shoe, Locksmith, etc.)","Repair Services (Vehicle, Shoe, Locksmith, etc.)",CBECS - Service,59962,1968,1,100,N/A,884460965,833467.4,2843790.8,87035.87261,8703587.3,Not Available,Not Available,Not Available,N/A,N/A,N/A,Not Available,3847153.4,6019669.6,64.2,100.4,200.2,200.2,11547378.2,18068270,192.6,301.3,11184624.6,17687378.8,186.5,295,833467.3,83408.3,50,843,N/A,462.3,380.7,14.1,"100 E Hunting Park Ave
Philadelphia, PA
(40.01384, -75.12598)",205.7
4361950,Fleet Shop 258 / WHS,NA,NA,12/31/2014,2014,NA,NA,Philadelphia,19121,"Repair Services (Vehicle, Shoe, Locksmith, etc.)","Repair Services (Vehicle, Shoe, Locksmith, etc.)",CBECS - Service,59962,1970,1,100,N/A,782326200,450884.6,1538418.3,39763.3879,3976338.8,Not Available,Not Available,Not Available,N/A,N/A,N/A,Not Available,3686186.2,6019669.6,61.5,100.4,49.6,49.6,5514756.9,9005788.7,92,150.2,5358897.2,8842136,89.4,147.5,450884.5,38204.8,50,417.1,N/A,211.2,205.9,7,"1481 N 26th St
Philadelphia, PA
(39.978272, -75.177903)",148.1
4398535,HBG-Holmesburg Prison Complex,NA: Standalone Property,NA: Standalone Property,12/31/2014,2014,8215 Torresdale Avenue,NA,Philadelphia,19136,Prison/Incarceration,Prison/Incarceration,CBECS - Public Order and Safety,716651,1900,1,100,N/A,786537201,1427083,4869207.2,76121.00083,7612100.1,264150.7,Not Available,Not Available,N/A,N/A,N/A,Not Available,65887526.7,121735344.8,91.9,169.9,-80.7,-80.7,12745459.6,23548813,17.8,32.9,12487260.9,23204872.5,17.4,32.4,1416870,73887.5,50,1075.7,N/A,423.9,651.8,1.5,"8201 Torresdale Ave
Philadelphia, PA
(40.037839, -75.020253)",2816.6
4313193,Health Administration Building,NA: Standalone Property,NA: Standalone Property,12/31/2014,2014,500 South Broad Street,NA,Philadelphia,19146,Office,Office,CBECS - Office & Bank/Financial,77688,1959,1,100,N/A,782026200,2385064,8137838.4,27778.35689,2777835.7,Not Available,Not Available,Not Available,N/A,N/A,N/A,19,7663847.2,19988339.7,98.6,257.3,42.4,42.4,10915675.5,28469544.3,140.5,366.5,10709971.6,28130444.4,137.9,362.1,2367800.1,26310.4,50,1236.9,N/A,147.5,1089.4,15.9,"500 S Broad St
Philadelphia, PA
(39.94449, -75.16532)",2768
4398538,HOC-House of Corrections Complex,NA: Standalone Property,NA: Standalone Property,12/31/2014,2014,8003 State Road,NA,Philadelphia,19136,Other - Public Services,Mixed Use Property,CBECS - Other,830754,1927,1,100,N/A,786504751; 881449900,6531854,22286685.8,793410.0569,79341005.7,651097.8,Not Available,Not Available,N/A,N/A,N/A,Not Available,67955138.3,102283293.7,81.8,123.1,50.5,50.5,102278790.5,153945862,123.1,185.3,99529567.3,150769968.6,119.8,181.5,6491297.4,767301.6,50,7245.9,N/A,4262.5,2983.4,8.7,"8001 State Rd
Philadelphia, PA
(40.032257, -75.019947)",37948.9
4399609,Juvenile Justice Center - N 48th St (YSC),NA: Standalone Property,NA: Standalone Property,12/31/2014,2014,91 N. 48th St.,NA,Philadelphia,19139,Prison/Incarceration,Prison/Incarceration,CBECS - Public Order and Safety,160000,2013,1,100,N/A,783707500,3532468,12052780.8,172823.4441,17282344.4,Not Available,Not Available,Not Available,N/A,N/A,N/A,Not Available,14239327,27178717.6,89,169.9,106,106,29335124.3,55992190.3,183.3,350,29359622.9,56069116.2,183.5,350.4,3539647.4,172823.4,50,2531.4,N/A,917.9,1613.5,15.8,"91 N 48th St
Philadelphia, PA
(39.961441, -75.21644)",0
4393301,Medical Exam Building,NA: Standalone Property,NA: Standalone Property,12/31/2014,2014,321 University Ave,NA,Philadelphia,19104,Laboratory,Mixed Use Property,CBECS - Other,85000,1970,1,100,N/A,783532000,2621216,8943589,12964.50914,1296450.9,Not Available,Not Available,Not Available,N/A,N/A,N/A,Not Available,3639602.2,10465288.1,42.8,123.1,181.4,181.4,10240041.2,29444147,120.5,346.4,10222020.5,29457567.1,120.3,346.6,2625751.4,12629.6,50,1266.1,N/A,68.9,1197.2,14.9,"321 University Ave
Philadelphia, PA
(39.950805, -75.199264)",781
4319459,Municipal Services Building (MSB),3618415,"City Hall, MSB and CJC",12/31/2014,2014,1401 J.F.K. Boulevard,NA,Philadelphia,19102,Office,Office,CBECS - Office & Bank/Financial,491000,1968,1,100,N/A,782003200,9316503,31787908.2,172090.9934,17209099.3,Not Available,Not Available,Not Available,N/A,N/A,N/A,67,59830340.3,143947884.3,121.9,293.2,-18.1,-18.1,48997006.2,117883581.9,99.8,240.1,47346352,116150395,96.4,236.6,9316501.5,155584.5,50,5169.4,N/A,914.1,4255.3,10.5,"1401 JFK Blvd
Philadelphia, PA
",2817.3
4392785,NE Reg Library/ Health Center #10,NA: Standalone Property,NA: Standalone Property,12/31/2014,2014,2230 Cottman Street,NA,Philadelphia,19149,Library,Library,CBECS - Library,58009,1963,1,100,N/A,786082700; 786082800,1208235,4122497.8,53021.27184,5302127.2,Not Available,Not Available,Not Available,N/A,N/A,N/A,Not Available,6959426,13669726.6,120,235.6,35.4,35.4,9424626.1,18511880.1,162.5,319.1,9295314.7,18396246.9,160.2,317.1,1211059.9,51631.8,50,833.5,N/A,281.6,551.9,14.4,"2230 Cottman Ave
Philadelphia, PA
(40.048625, -75.06156)",1335.3
4399197,One Parkway Building,NA,NA,12/31/2014,2014,NA,NA,Philadelphia,19102,Office,Office,CBECS - Office & Bank/Financial,502000,1962,1,100,N/A,772059100,10931120,37296981.4,187451.1732,18745117.3,Not Available,Not Available,Not Available,N/A,N/A,N/A,63,65486229.9,159847388,130.5,318.4,-14.4,-14.4,56042103.6,136794910,111.6,272.5,55185399.9,135895371.2,109.9,270.7,10931120.1,178884.1,50,5988.4,N/A,995.6,4992.8,11.9,"1515-29 Arch St
Philadelphia, PA
",10778.6
4393308,Philadelphia Industrial Correction Center,NA: Standalone Property,NA: Standalone Property,12/31/2014,2014,8203 State Road,NA,Philadelphia,19136,Prison/Incarceration,Prison/Incarceration,CBECS - Public Order and Safety,200000,1979,1,100,N/A,786504751,5952150,20308735.8,274665.535,27466553.5,Not Available,Not Available,Not Available,N/A,N/A,N/A,Not Available,17526196.1,33973397,87.6,169.9,172.6,172.6,47775287.9,92609307.3,238.9,463,47242488.7,92137536,236.2,460.7,5964442.6,268918.1,50,4177.5,N/A,1458.9,2718.6,20.9,"8203 State Rd
Philadelphia, PA
(40.034042, -75.016769)",81929.7
4397411,Philadelphia Nursing Home,NA: Standalone Property,NA: Standalone Property,12/31/2014,2014,2300 Poplar St.,NA,Philadelphia,19130,Senior Care Community,Senior Care Community,CBECS - Nursing,347543,1950,1,100,N/A,881444600,4515841,15408049.5,216332.1127,21633211.3,Not Available,Not Available,Not Available,N/A,N/A,N/A,1,18553322.7,35610820,53.4,102.5,99.6,99.6,37041261.8,71096150.4,106.6,204.6,36147430.3,69982725.7,104,201.4,4491314.1,208230.6,50,3211.7,N/A,1149,2062.6,9.2,"2100 W Girard Ave
Philadelphia, PA
(39.972763, -75.169675)",12900.2
4393305,Police Administration Building,NA: Standalone Property,NA: Standalone Property,12/31/2014,2014,750 Race Street,NA,Philadelphia,19106,Office,Office,CBECS - Office & Bank/Financial,126000,1956,1,100,N/A,781379300,4989883,17025480.8,0,0,Not Available,7093388.5,Not Available,N/A,N/A,N/A,5,12742423.9,32752335.6,101.1,259.9,89.3,89.3,24118870.4,61993651,191.4,492,23889929.4,61752998.1,189.6,490.1,4995144.2,0,50,2750.1,N/A,0,2750.1,21.8,"750 Race Street
Philadelphia, PA
(39.95496, -75.152207)",4997.3
4393304,Police Tactical / Warehouse,NA,NA,12/31/2014,2014,NA,NA,Philadelphia,19134,Non-Refrigerated Warehouse,Non-Refrigerated Warehouse,CBECS - Unrefrigerated Warehouse & Distribution Center,53000,1982,1,100,N/A,786124800,296459.4,1011519.5,33309.58661,3330958.7,Not Available,Not Available,Not Available,N/A,N/A,N/A,13,2400664.9,3689428.9,45.3,69.6,80.9,80.9,4342478,6673677.3,81.9,125.9,4196226,6520112.7,79.2,123,296459.3,31847.1,50,312.3,N/A,176.9,135.4,5.9,"660 E Erie Ave
Philadelphia, PA
(40.006208, -75.115758)",178.8
4397414,Riverside Correctional Facility,NA: Standalone Property,NA: Standalone Property,12/31/2014,2014,8001 State Road,NA,Philadelphia,19136,Prison/Incarceration,Prison/Incarceration,CBECS - Public Order and Safety,220000,2004,1,100,N/A,786504751,3915910,13361084.9,140230.1352,14023013.5,Not Available,Not Available,Not Available,N/A,N/A,N/A,Not Available,18055761.1,37370736.7,82.1,169.9,51.7,51.7,27384098.8,56677972,124.5,257.6,26760590.7,55909493.9,121.6,254.1,3899952.1,134539.5,50,2533.4,N/A,744.8,1788.6,11.5,"8001 State Rd
Philadelphia, PA
(40.032257, -75.019947)",3280.4
